INSERT INTO roles (id, name) VALUES (1, 'ADMIN');
INSERT INTO roles (id, name) VALUES (2, 'USER');

/* users data set - 50 */

insert into users (id, email, first_name, password, time_zone_id, username) values (3, 'rbortolotti2@engadget.com', 'Rheba', '2d57386ad26d939a45e76313762b869ac964981e', 'Asia/Dushanbe', 'rgatesman2');
insert into users (id, email, first_name, password, time_zone_id, username) values (4, 'cpaternoster3@ucla.edu', 'Cristie', '2d57386ad26d939a45e76313762b869ac964981e', 'Europe/Moscow', 'cfenkel3');
insert into users (id, email, first_name, password, time_zone_id, username) values (5, 'jshowen4@yahoo.com', 'Judith', '2d57386ad26d939a45e76313762b869ac964981e', 'Asia/Shanghai', 'jmcguiness4');
insert into users (id, email, first_name, password, time_zone_id, username) values (6, 'pmilburn5@meetup.com', 'Phylis', '2d57386ad26d939a45e76313762b869ac964981e', 'Asia/Aden', 'pbramer5');
insert into users (id, email, first_name, password, time_zone_id, username) values (7, 'adrewell6@aboutads.info', 'Amberly', '2d57386ad26d939a45e76313762b869ac964981e', 'Asia/Yerevan', 'apauler6');
insert into users (id, email, first_name, password, time_zone_id, username) values (8, 'mcradoc7@dailymail.co.uk', 'Marlowe', '2d57386ad26d939a45e76313762b869ac964981e', 'America/New_York', 'mpopplestone7');
insert into users (id, email, first_name, password, time_zone_id, username) values (9, 'cpepperd8@weather.com', 'Carson', '2d57386ad26d939a45e76313762b869ac964981e', 'Asia/Jakarta', 'cbrazer8');
insert into users (id, email, first_name, password, time_zone_id, username) values (10, 'hmorfey9@sfgate.com', 'Helaina', '2d57386ad26d939a45e76313762b869ac964981e', 'Europe/Madrid', 'hcaress9');
insert into users (id, email, first_name, password, time_zone_id, username) values (11, 'bwicketta@tinyurl.com', 'Bernadina', '2d57386ad26d939a45e76313762b869ac964981e', 'Asia/Tokyo', 'btolla');
insert into users (id, email, first_name, password, time_zone_id, username) values (12, 'atonryb@prlog.org', 'Abrahan', '2d57386ad26d939a45e76313762b869ac964981e', 'Asia/Kabul', 'aconfaitb');
insert into users (id, email, first_name, password, time_zone_id, username) values (13, 'fbrimmacombec@tmall.com', 'Felicio', '2d57386ad26d939a45e76313762b869ac964981e', 'Asia/Shanghai', 'ftinklerc');
insert into users (id, email, first_name, password, time_zone_id, username) values (14, 'jbatteyd@dell.com', 'Julio', '2d57386ad26d939a45e76313762b869ac964981e', 'Africa/Dar_es_Salaam', 'jcheesleyd');
insert into users (id, email, first_name, password, time_zone_id, username) values (15, 'icolenutte@seattletimes.com', 'Ingra', '2d57386ad26d939a45e76313762b869ac964981e', 'Asia/Chongqing', 'iblinckhornee');
insert into users (id, email, first_name, password, time_zone_id, username) values (16, 'lblackstonef@scientificamerican.com', 'Leoline', '2d57386ad26d939a45e76313762b869ac964981e', 'America/Havana', 'lcoppingf');
insert into users (id, email, first_name, password, time_zone_id, username) values (17, 'bmaccoughang@reverbnation.com', 'Brunhilde', '2d57386ad26d939a45e76313762b869ac964981e', 'Asia/Bangkok', 'bbarnewellg');
insert into users (id, email, first_name, password, time_zone_id, username) values (18, 'kkonnekeh@mozilla.org', 'Kynthia', '2d57386ad26d939a45e76313762b869ac964981e', 'Asia/Yerevan', 'kscopesh');
insert into users (id, email, first_name, password, time_zone_id, username) values (19, 'acowchai@ow.ly', 'Alejandro', '2d57386ad26d939a45e76313762b869ac964981e', 'Europe/Paris', 'areynishi');
insert into users (id, email, first_name, password, time_zone_id, username) values (20, 'mrandalsj@unblog.fr', 'Merrielle', '2d57386ad26d939a45e76313762b869ac964981e', 'Africa/Johannesburg', 'mshermarj');
insert into users (id, email, first_name, password, time_zone_id, username) values (21, 'cbywatersk@soundcloud.com', 'Chastity', '2d57386ad26d939a45e76313762b869ac964981e', 'Europe/Warsaw', 'chansomk');
insert into users (id, email, first_name, password, time_zone_id, username) values (22, 'hgodwynl@toplist.cz', 'Hendrik', '2d57386ad26d939a45e76313762b869ac964981e', 'Asia/Manila', 'hsimakl');
insert into users (id, email, first_name, password, time_zone_id, username) values (23, 'rbustinm@edublogs.org', 'Robin', '2d57386ad26d939a45e76313762b869ac964981e', 'Asia/Chongqing', 'rlowdeanem');
insert into users (id, email, first_name, password, time_zone_id, username) values (24, 'bparamoren@shop-pro.jp', 'Bone', '2d57386ad26d939a45e76313762b869ac964981e', 'Asia/Yerevan', 'borvisn');
insert into users (id, email, first_name, password, time_zone_id, username) values (25, 'glightbowno@marketwatch.com', 'Glenna', '2d57386ad26d939a45e76313762b869ac964981e', 'Asia/Kashgar', 'gjohnikino');
insert into users (id, email, first_name, password, time_zone_id, username) values (26, 'rpillmanp@blogs.com', 'Rudolfo', '2d57386ad26d939a45e76313762b869ac964981e', 'Asia/Jakarta', 'roscanlonp');
insert into users (id, email, first_name, password, time_zone_id, username) values (27, 'ddraytonq@ycombinator.com', 'Derward', '2d57386ad26d939a45e76313762b869ac964981e', 'Asia/Tokyo', 'dmoodieq');
insert into users (id, email, first_name, password, time_zone_id, username) values (28, 'btrewinnardr@google.co.uk', 'Barry', '2d57386ad26d939a45e76313762b869ac964981e', 'Asia/Jakarta', 'bfumagallr');
insert into users (id, email, first_name, password, time_zone_id, username) values (29, 'bmcleeses@macromedia.com', 'Blisse', '2d57386ad26d939a45e76313762b869ac964981e', 'Europe/Skopje', 'bbragges');
insert into users (id, email, first_name, password, time_zone_id, username) values (30, 'valimant@answers.com', 'Vevay', '2d57386ad26d939a45e76313762b869ac964981e', 'Asia/Manila', 'vtrimmillt');
insert into users (id, email, first_name, password, time_zone_id, username) values (31, 'aciobotaruu@wufoo.com', 'Astrid', '2d57386ad26d939a45e76313762b869ac964981e', 'Europe/Moscow', 'aleschelleu');
insert into users (id, email, first_name, password, time_zone_id, username) values (32, 'blescopv@aboutads.info', 'Barnard', '2d57386ad26d939a45e76313762b869ac964981e', 'Europe/Stockholm', 'baguirrev');
insert into users (id, email, first_name, password, time_zone_id, username) values (33, 'pmallettw@mysql.com', 'Pearle', '2d57386ad26d939a45e76313762b869ac964981e', 'Asia/Shanghai', 'pairew');
insert into users (id, email, first_name, password, time_zone_id, username) values (34, 'sollerx@wunderground.com', 'Steffi', '2d57386ad26d939a45e76313762b869ac964981e', 'Asia/Tehran', 'sdobrovskyx');
insert into users (id, email, first_name, password, time_zone_id, username) values (35, 'mbohiny@fotki.com', 'Maitilde', '2d57386ad26d939a45e76313762b869ac964981e', 'America/Mexico_City', 'molcoty');
insert into users (id, email, first_name, password, time_zone_id, username) values (36, 'ogiamittiz@ycombinator.com', 'Oralla', '2d57386ad26d939a45e76313762b869ac964981e', 'Europe/Lisbon', 'ospadoniz');
insert into users (id, email, first_name, password, time_zone_id, username) values (37, 'jlamanby10@vistaprint.com', 'Jone', '2d57386ad26d939a45e76313762b869ac964981e', 'Asia/Shanghai', 'jdrewery10');
insert into users (id, email, first_name, password, time_zone_id, username) values (38, 'abrimmicombe11@dropbox.com', 'Alla', '2d57386ad26d939a45e76313762b869ac964981e', 'Europe/Stockholm', 'afernandez11');
insert into users (id, email, first_name, password, time_zone_id, username) values (39, 'pbury12@cyberchimps.com', 'Prent', '2d57386ad26d939a45e76313762b869ac964981e', 'Asia/Manila', 'pkerfoot12');
insert into users (id, email, first_name, password, time_zone_id, username) values (40, 'mwrintmore13@salon.com', 'Mercedes', '2d57386ad26d939a45e76313762b869ac964981e', 'Asia/Harbin', 'mtoone13');
insert into users (id, email, first_name, password, time_zone_id, username) values (41, 'mcubbon14@archive.org', 'Miran', '2d57386ad26d939a45e76313762b869ac964981e', 'Asia/Chongqing', 'mtweede14');
insert into users (id, email, first_name, password, time_zone_id, username) values (42, 'rtanman15@google.fr', 'Randolf', '2d57386ad26d939a45e76313762b869ac964981e', 'Africa/Tripoli', 'rsaveall15');
insert into users (id, email, first_name, password, time_zone_id, username) values (43, 'rhumbey16@latimes.com', 'Roda', '2d57386ad26d939a45e76313762b869ac964981e', 'Europe/Skopje', 'rartis16');
insert into users (id, email, first_name, password, time_zone_id, username) values (44, 'mmunkton17@hhs.gov', 'Marlon', '2d57386ad26d939a45e76313762b869ac964981e', 'America/Vancouver', 'mwakeling17');
insert into users (id, email, first_name, password, time_zone_id, username) values (45, 'oboniface18@samsung.com', 'Ogdon', '2d57386ad26d939a45e76313762b869ac964981e', 'Asia/Shanghai', 'ogreenhill18');
insert into users (id, email, first_name, password, time_zone_id, username) values (46, 'rgrunwall19@ovh.net', 'Roberto', '2d57386ad26d939a45e76313762b869ac964981e', 'Asia/Jakarta', 'rfynes19');
insert into users (id, email, first_name, password, time_zone_id, username) values (47, 'rcampion1a@shop-pro.jp', 'Rancell', '2d57386ad26d939a45e76313762b869ac964981e', 'Europe/Budapest', 'rjedrzejczak1a');
insert into users (id, email, first_name, password, time_zone_id, username) values (48, 'kcumes1b@umn.edu', 'Kati', '2d57386ad26d939a45e76313762b869ac964981e', 'Europe/Moscow', 'kedens1b');
insert into users (id, email, first_name, password, time_zone_id, username) values (49, 'sfarnill1c@google.co.jp', 'Selina', '2d57386ad26d939a45e76313762b869ac964981e', 'Africa/Kinshasa', 'smorden1c');
insert into users (id, email, first_name, password, time_zone_id, username) values (50, 'slochet1d@w3.org', 'Shawna', '2d57386ad26d939a45e76313762b869ac964981e', 'Asia/Shanghai', 'svallantine1d');

/* personal details data set - 50 */

insert into personal_details (id, age, city, country, date_of_birth, education, gender, marital_status, occupation, photo, rating, religion, user_id) values (3, 35, 'Tres Arroyos', 'Argentina', '1989-06-30', 'Instituto Nacional de Educación Física "General Manuel Belgrano"', 2, 3, 'Electrical Engineer', null, 3.4, 4, 3);
insert into personal_details (id, age, city, country, date_of_birth, education, gender, marital_status, occupation, photo, rating, religion, user_id) values (4, 44, 'Sâmraông', 'Cambodia', '1996-11-03', 'Royal University of Agriculture', 2, 2, 'Senior Developer', null, 3.6, 1, 4);
insert into personal_details (id, age, city, country, date_of_birth, education, gender, marital_status, occupation, photo, rating, religion, user_id) values (5, 21, 'Gotemba', 'Japan', '1952-10-24', 'Aichi University', 1, 0, 'Software Consultant', null, 1.7, 1, 5);
insert into personal_details (id, age, city, country, date_of_birth, education, gender, marital_status, occupation, photo, rating, religion, user_id) values (6, 20, 'Barra do Garças', 'Brazil', '1987-05-26', 'Universidade de Uberaba', 2, 0, 'VP Sales', null, 4.0, 2, 6);
insert into personal_details (id, age, city, country, date_of_birth, education, gender, marital_status, occupation, photo, rating, religion, user_id) values (7, 39, 'Rzhavki', 'Russia', '1999-08-27', 'North-West State Technical University', 1, 3, 'Mechanical Systems Engineer', null, 1.1, 5, 7);
insert into personal_details (id, age, city, country, date_of_birth, education, gender, marital_status, occupation, photo, rating, religion, user_id) values (8, 32, 'Balakasap', 'Indonesia', '1974-04-16', 'Universitas Haluoleo', 2, 0, 'Professor', null, 1.5, 2, 8);
insert into personal_details (id, age, city, country, date_of_birth, education, gender, marital_status, occupation, photo, rating, religion, user_id) values (9, 45, 'Cauday', 'Peru', '1964-10-09', 'Universidad Privada San Juan Bautista', 1, 3, 'Account Representative II', null, 3.6, 2, 9);
insert into personal_details (id, age, city, country, date_of_birth, education, gender, marital_status, occupation, photo, rating, religion, user_id) values (10, 30, 'Zhuxi Chengguanzhen', 'China', '1992-10-02', 'Tibet University', 1, 1, 'Electrical Engineer', null, 1.3, 2, 10);
insert into personal_details (id, age, city, country, date_of_birth, education, gender, marital_status, occupation, photo, rating, religion, user_id) values (11, 20, 'Grodków', 'Poland', '1961-03-19', 'Pedagogical University of Bydgoszcz', 2, 1, 'Professor', null, 4.0, 4, 11);
insert into personal_details (id, age, city, country, date_of_birth, education, gender, marital_status, occupation, photo, rating, religion, user_id) values (12, 21, 'Baran', 'Indonesia', '1974-05-05', 'Universitas Andalas', 1, 0, 'Registered Nurse', null, 5.1, 4, 12);
insert into personal_details (id, age, city, country, date_of_birth, education, gender, marital_status, occupation, photo, rating, religion, user_id) values (13, 20, 'Novi Bečej', 'Serbia', '1998-12-22', 'University of Novi Sad', 1, 0, 'Librarian', null, 2.4, 5, 13);
insert into personal_details (id, age, city, country, date_of_birth, education, gender, marital_status, occupation, photo, rating, religion, user_id) values (14, 29, 'Lishu', 'China', '1959-07-06', 'Anhui Technical College of Water Resources and Hydroelectric Power', 1, 4, 'Account Coordinator', null, 5.6, 1, 14);
insert into personal_details (id, age, city, country, date_of_birth, education, gender, marital_status, occupation, photo, rating, religion, user_id) values (15, 43, 'Áno Sýros', 'Greece', '2001-01-29', 'University of Patras', 2, 0, 'Budget/Accounting Analyst III', null, 3.5, 2, 15);
insert into personal_details (id, age, city, country, date_of_birth, education, gender, marital_status, occupation, photo, rating, religion, user_id) values (16, 18, 'Krasnofarfornyy', 'Russia', '1948-11-27', 'Cheljabinsk State Institute of Teacher Training', 1, 1, 'Legal Assistant', null, 2.8, 2, 16);
insert into personal_details (id, age, city, country, date_of_birth, education, gender, marital_status, occupation, photo, rating, religion, user_id) values (17, 37, 'Pulaukijang', 'Indonesia', '1985-05-02', 'Politeknik Negeri Pontianak', 1, 4, 'Executive Secretary', null, 4.9, 5, 17);
insert into personal_details (id, age, city, country, date_of_birth, education, gender, marital_status, occupation, photo, rating, religion, user_id) values (18, 41, 'Villaguay', 'Argentina', '1992-09-20', 'Instituto Tecnológico de Buenos Aires', 2, 3, 'Quality Control Specialist', null, 3.4, 0, 18);
insert into personal_details (id, age, city, country, date_of_birth, education, gender, marital_status, occupation, photo, rating, religion, user_id) values (19, 27, 'Manaulanan', 'Philippines', '1954-09-21', 'University of the East, Ramon Magsaysay Memorial Medical Center', 2, 2, 'Social Worker', null, 1.0, 1, 19);
insert into personal_details (id, age, city, country, date_of_birth, education, gender, marital_status, occupation, photo, rating, religion, user_id) values (20, 36, 'Houston', 'United States', '1979-11-18', 'California College of Arts and Crafts', 2, 0, 'Analyst Programmer', null, 5.7, 3, 20);
insert into personal_details (id, age, city, country, date_of_birth, education, gender, marital_status, occupation, photo, rating, religion, user_id) values (21, 40, 'Mosteiró', 'Portugal', '1950-03-20', 'Escola Superior de Hotelaria e Turismo do Estoril', 2, 1, 'Statistician IV', null, 5.4, 5, 21);
insert into personal_details (id, age, city, country, date_of_birth, education, gender, marital_status, occupation, photo, rating, religion, user_id) values (22, 25, 'Donggou', 'China', '1984-06-26', 'Nankai University', 2, 4, 'Data Coordiator', null, 5.1, 3, 22);
insert into personal_details (id, age, city, country, date_of_birth, education, gender, marital_status, occupation, photo, rating, religion, user_id) values (23, 21, 'Dachong', 'China', '1997-12-03', 'Lanzhou University', 2, 0, 'Senior Editor', null, 3.4, 4, 23);
insert into personal_details (id, age, city, country, date_of_birth, education, gender, marital_status, occupation, photo, rating, religion, user_id) values (24, 25, 'Debelets', 'Bulgaria', '1985-04-29', 'Medical University of Sofia', 1, 0, 'Account Representative I', null, 4.8, 0, 24);
insert into personal_details (id, age, city, country, date_of_birth, education, gender, marital_status, occupation, photo, rating, religion, user_id) values (25, 24, 'Bulualto', 'Philippines', '1998-04-18', 'Divine Word College of Legazpi', 2, 0, 'Chemical Engineer', null, 2.9, 1, 25);
insert into personal_details (id, age, city, country, date_of_birth, education, gender, marital_status, occupation, photo, rating, religion, user_id) values (26, 25, 'Dzhankoy', 'Ukraine', '1948-08-14', 'Odessa National Maritime Academy', 1, 1, 'Budget/Accounting Analyst I', null, 4.3, 4, 26);
insert into personal_details (id, age, city, country, date_of_birth, education, gender, marital_status, occupation, photo, rating, religion, user_id) values (27, 33, 'Karanggeneng', 'Indonesia', '1971-11-16', 'Institut Teknologi Telkom', 2, 0, 'Senior Developer', null, 5.6, 2, 27);
insert into personal_details (id, age, city, country, date_of_birth, education, gender, marital_status, occupation, photo, rating, religion, user_id) values (28, 37, 'Tuoshi', 'China', '1971-01-23', 'Communication University of China', 1, 4, 'Assistant Manager', null, 1.4, 4, 28);
insert into personal_details (id, age, city, country, date_of_birth, education, gender, marital_status, occupation, photo, rating, religion, user_id) values (29, 28, 'Laurel', 'United States', '1965-09-25', 'Concordia College, Moorhead', 1, 2, 'Electrical Engineer', null, 2.7, 5, 29);
insert into personal_details (id, age, city, country, date_of_birth, education, gender, marital_status, occupation, photo, rating, religion, user_id) values (30, 20, 'Colorado Springs', 'United States', '1949-06-06', 'Occidental College', 2, 1, 'Nurse', null, 2.1, 4, 30);
insert into personal_details (id, age, city, country, date_of_birth, education, gender, marital_status, occupation, photo, rating, religion, user_id) values (31, 34, 'Amuñgan', 'Philippines', '1957-01-20', 'Northwestern University of the Philippines', 2, 4, 'Web Designer III', null, 2.4, 5, 31);
insert into personal_details (id, age, city, country, date_of_birth, education, gender, marital_status, occupation, photo, rating, religion, user_id) values (32, 43, 'Outokumpu', 'Finland', '1948-02-03', 'Scandinavian Art and Business Institute', 1, 0, 'Senior Cost Accountant', null, 4.4, 3, 32);
insert into personal_details (id, age, city, country, date_of_birth, education, gender, marital_status, occupation, photo, rating, religion, user_id) values (33, 21, 'Echarate', 'Peru', '1995-01-02', 'Universidad Nacional Agraria La Molina', 1, 3, 'Web Designer IV', null, 2.3, 2, 33);
insert into personal_details (id, age, city, country, date_of_birth, education, gender, marital_status, occupation, photo, rating, religion, user_id) values (34, 45, 'Pjanići', 'Bosnia and Herzegovina', '1952-08-13', 'University of East Srarajevo', 1, 1, 'GIS Technical Architect', null, 1.5, 0, 34);
insert into personal_details (id, age, city, country, date_of_birth, education, gender, marital_status, occupation, photo, rating, religion, user_id) values (35, 31, 'Loakulu', 'Indonesia', '1984-09-19', 'Universitas Andalas', 1, 4, 'Human Resources Assistant IV', null, 1.4, 5, 35);
insert into personal_details (id, age, city, country, date_of_birth, education, gender, marital_status, occupation, photo, rating, religion, user_id) values (36, 18, 'Svetlyy', 'Russia', '1952-05-07', 'Smolensk Humanitarian University', 1, 4, 'Analyst Programmer', null, 5.0, 2, 36);
insert into personal_details (id, age, city, country, date_of_birth, education, gender, marital_status, occupation, photo, rating, religion, user_id) values (37, 42, 'Kachkanar', 'Russia', '1992-02-07', 'Ural State Forestry Technical Academy', 2, 0, 'Software Test Engineer II', null, 1.6, 3, 37);
insert into personal_details (id, age, city, country, date_of_birth, education, gender, marital_status, occupation, photo, rating, religion, user_id) values (38, 32, 'Savran’', 'Ukraine', '1998-08-27', 'Ukrainian Academy of Banking', 2, 1, 'Graphic Designer', null, 2.8, 2, 38);
insert into personal_details (id, age, city, country, date_of_birth, education, gender, marital_status, occupation, photo, rating, religion, user_id) values (39, 22, 'Alajuela', 'Costa Rica', '1963-05-17', 'Universidad Veritas', 1, 2, 'Research Associate', null, 3.8, 4, 39);
insert into personal_details (id, age, city, country, date_of_birth, education, gender, marital_status, occupation, photo, rating, religion, user_id) values (40, 21, 'Ucuncha', 'Peru', '1967-06-24', 'Universidad Nacional de San Martín', 1, 1, 'Recruiter', null, 3.3, 4, 40);
insert into personal_details (id, age, city, country, date_of_birth, education, gender, marital_status, occupation, photo, rating, religion, user_id) values (41, 42, 'Luoyang', 'China', '1951-03-27', 'Beijing Information Science and Technology University', 1, 4, 'Administrative Officer', null, 5.4, 0, 41);
insert into personal_details (id, age, city, country, date_of_birth, education, gender, marital_status, occupation, photo, rating, religion, user_id) values (42, 19, 'Warungbanten', 'Indonesia', '1984-07-08', 'Swiss German University', 2, 0, 'Executive Secretary', null, 3.1, 2, 42);
insert into personal_details (id, age, city, country, date_of_birth, education, gender, marital_status, occupation, photo, rating, religion, user_id) values (43, 25, 'Nagrog', 'Indonesia', '1968-11-19', 'Universitas Negeri Semarang', 2, 0, 'Financial Advisor', null, 4.5, 3, 43);
insert into personal_details (id, age, city, country, date_of_birth, education, gender, marital_status, occupation, photo, rating, religion, user_id) values (44, 21, 'Thị Trấn Quế', 'Vietnam', '1962-05-19', 'Hong Bang University International', 1, 2, 'Business Systems Development Analyst', null, 4.5, 5, 44);
insert into personal_details (id, age, city, country, date_of_birth, education, gender, marital_status, occupation, photo, rating, religion, user_id) values (45, 29, 'Shadui', 'China', '1957-03-28', 'Xi''an International Studies University', 2, 3, 'Account Executive', null, 3.3, 4, 45);
insert into personal_details (id, age, city, country, date_of_birth, education, gender, marital_status, occupation, photo, rating, religion, user_id) values (46, 22, 'Jinping', 'China', '1956-03-01', 'South West University Yucai College', 1, 1, 'Junior Executive', null, 4.5, 1, 46);
insert into personal_details (id, age, city, country, date_of_birth, education, gender, marital_status, occupation, photo, rating, religion, user_id) values (47, 42, 'Villa Nueva', 'Guatemala', '1984-03-08', 'Universidad del Valle de Guatemala', 2, 4, 'Actuary', null, 2.0, 3, 47);
insert into personal_details (id, age, city, country, date_of_birth, education, gender, marital_status, occupation, photo, rating, religion, user_id) values (48, 25, 'Hacıqabul', 'Azerbaijan', '1964-08-15', 'Azerbaijan National Conservatorie', 1, 3, 'Tax Accountant', null, 5.2, 5, 48);
insert into personal_details (id, age, city, country, date_of_birth, education, gender, marital_status, occupation, photo, rating, religion, user_id) values (49, 31, 'Bagé', 'Brazil', '1950-11-12', 'Universidade Federal de Mato Grosso', 1, 1, 'Operator', null, 1.8, 2, 49);
insert into personal_details (id, age, city, country, date_of_birth, education, gender, marital_status, occupation, photo, rating, religion, user_id) values (50, 19, 'N’dalatando', 'Angola', '1972-09-26', 'Universidade Tecnica de Angola', 1, 4, 'VP Product Management', null, 5.3, 0, 50);

/* appearance data set - 50 */

insert into appearance (id, about, eyes, hair_colour, height, hobbies, physique, user_id) values (3, 'In hac habitasse platea dictumst. Morbi vestibulum, velit id pretium iaculis, diam erat fermentum justo, nec condimentum neque sapien placerat ante. Nulla justo.', 0, 8, 179, 'Morbi porttitor lorem id ligula. Suspendisse ornare consequat lectus. In est risus, auctor sed, tristique in, tempus sit amet, sem.', 2, 3);
insert into appearance (id, about, eyes, hair_colour, height, hobbies, physique, user_id) values (4, 'Duis consequat dui nec nisi volutpat eleifend. Donec ut dolor. Morbi vel lectus in quam fringilla rhoncus.', 5, 5, 168, 'Duis bibendum. Morbi non quam nec dui luctus rutrum. Nulla tellus.', 6, 4);
insert into appearance (id, about, eyes, hair_colour, height, hobbies, physique, user_id) values (5, 'Integer ac leo. Pellentesque ultrices mattis odio. Donec vitae nisi.', 2, 3, 181, 'Duis bibendum. Morbi non quam nec dui luctus rutrum. Nulla tellus.', 1, 5);
insert into appearance (id, about, eyes, hair_colour, height, hobbies, physique, user_id) values (6, 'In hac habitasse platea dictumst. Morbi vestibulum, velit id pretium iaculis, diam erat fermentum justo, nec condimentum neque sapien placerat ante. Nulla justo.', 0, 4, 179, 'Nullam porttitor lacus at turpis. Donec posuere metus vitae ipsum. Aliquam non mauris.', 5, 6);
insert into appearance (id, about, eyes, hair_colour, height, hobbies, physique, user_id) values (7, 'Nullam porttitor lacus at turpis. Donec posuere metus vitae ipsum. Aliquam non mauris.', 4, 6, 187, 'Cum sociis natoque penatibus et magnis dis parturient montes, nascetur ridiculus mus. Vivamus vestibulum sagittis sapien. Cum sociis natoque penatibus et magnis dis parturient montes, nascetur ridiculus mus.', 5, 7);
insert into appearance (id, about, eyes, hair_colour, height, hobbies, physique, user_id) values (8, 'Cras mi pede, malesuada in, imperdiet et, commodo vulputate, justo. In blandit ultrices enim. Lorem ipsum dolor sit amet, consectetuer adipiscing elit.', 1, 2, 162, 'Etiam vel augue. Vestibulum rutrum rutrum neque. Aenean auctor gravida sem.', 3, 8);
insert into appearance (id, about, eyes, hair_colour, height, hobbies, physique, user_id) values (9, 'Integer ac leo. Pellentesque ultrices mattis odio. Donec vitae nisi.', 4, 1, 182, 'Fusce posuere felis sed lacus. Morbi sem mauris, laoreet ut, rhoncus aliquet, pulvinar sed, nisl. Nunc rhoncus dui vel sem.', 6, 9);
insert into appearance (id, about, eyes, hair_colour, height, hobbies, physique, user_id) values (10, 'Vestibulum ac est lacinia nisi venenatis tristique. Fusce congue, diam id ornare imperdiet, sapien urna pretium nisl, ut volutpat sapien arcu sed augue. Aliquam erat volutpat.', 1, 4, 193, 'Maecenas leo odio, condimentum id, luctus nec, molestie sed, justo. Pellentesque viverra pede ac diam. Cras pellentesque volutpat dui.', 6, 10);
insert into appearance (id, about, eyes, hair_colour, height, hobbies, physique, user_id) values (11, 'Nulla ut erat id mauris vulputate elementum. Nullam varius. Nulla facilisi.', 3, 3, 193, 'Curabitur gravida nisi at nibh. In hac habitasse platea dictumst. Aliquam augue quam, sollicitudin vitae, consectetuer eget, rutrum at, lorem.', 5, 11);
insert into appearance (id, about, eyes, hair_colour, height, hobbies, physique, user_id) values (12, 'Suspendisse potenti. In eleifend quam a odio. In hac habitasse platea dictumst.', 0, 4, 160, 'In sagittis dui vel nisl. Duis ac nibh. Fusce lacus purus, aliquet at, feugiat non, pretium quis, lectus.', 5, 12);
insert into appearance (id, about, eyes, hair_colour, height, hobbies, physique, user_id) values (13, 'Proin eu mi. Nulla ac enim. In tempor, turpis nec euismod scelerisque, quam turpis adipiscing lorem, vitae mattis nibh ligula nec sem.', 2, 7, 162, 'Proin interdum mauris non ligula pellentesque ultrices. Phasellus id sapien in sapien iaculis congue. Vivamus metus arcu, adipiscing molestie, hendrerit at, vulputate vitae, nisl.', 4, 13);
insert into appearance (id, about, eyes, hair_colour, height, hobbies, physique, user_id) values (14, 'Nulla ut erat id mauris vulputate elementum. Nullam varius. Nulla facilisi.', 3, 8, 195, 'Duis aliquam convallis nunc. Proin at turpis a pede posuere nonummy. Integer non velit.', 6, 14);
insert into appearance (id, about, eyes, hair_colour, height, hobbies, physique, user_id) values (15, 'Duis consequat dui nec nisi volutpat eleifend. Donec ut dolor. Morbi vel lectus in quam fringilla rhoncus.', 5, 6, 191, 'Nullam porttitor lacus at turpis. Donec posuere metus vitae ipsum. Aliquam non mauris.', 5, 15);
insert into appearance (id, about, eyes, hair_colour, height, hobbies, physique, user_id) values (16, 'Duis consequat dui nec nisi volutpat eleifend. Donec ut dolor. Morbi vel lectus in quam fringilla rhoncus.', 5, 6, 191, 'Nullam porttitor lacus at turpis. Donec posuere metus vitae ipsum. Aliquam non mauris.', 5, 16);
insert into appearance (id, about, eyes, hair_colour, height, hobbies, physique, user_id) values (17, 'Fusce posuere felis sed lacus. Morbi sem mauris, laoreet ut, rhoncus aliquet, pulvinar sed, nisl. Nunc rhoncus dui vel sem.', 3, 3, 175, 'Cras non velit nec nisi vulputate nonummy. Maecenas tincidunt lacus at velit. Vivamus vel nulla eget eros elementum pellentesque.', 0, 17);
insert into appearance (id, about, eyes, hair_colour, height, hobbies, physique, user_id) values (18, 'Sed ante. Vivamus tortor. Duis mattis egestas metus.', 2, 7, 183, 'Etiam vel augue. Vestibulum rutrum rutrum neque. Aenean auctor gravida sem.', 0, 18);
insert into appearance (id, about, eyes, hair_colour, height, hobbies, physique, user_id) values (19, 'Curabitur gravida nisi at nibh. In hac habitasse platea dictumst. Aliquam augue quam, sollicitudin vitae, consectetuer eget, rutrum at, lorem.', 1, 9, 163, 'Etiam vel augue. Vestibulum rutrum rutrum neque. Aenean auctor gravida sem.', 2, 19);
insert into appearance (id, about, eyes, hair_colour, height, hobbies, physique, user_id) values (20, 'Duis consequat dui nec nisi volutpat eleifend. Donec ut dolor. Morbi vel lectus in quam fringilla rhoncus.', 5, 6, 191, 'Nullam porttitor lacus at turpis. Donec posuere metus vitae ipsum. Aliquam non mauris.', 5, 20);
insert into appearance (id, about, eyes, hair_colour, height, hobbies, physique, user_id) values (21, 'Fusce posuere felis sed lacus. Morbi sem mauris, laoreet ut, rhoncus aliquet, pulvinar sed, nisl. Nunc rhoncus dui vel sem.', 5, 2, 174, 'Lorem ipsum dolor sit amet, consectetuer adipiscing elit. Proin risus. Praesent lectus.', 1, 21);
insert into appearance (id, about, eyes, hair_colour, height, hobbies, physique, user_id) values (22, 'Sed sagittis. Nam congue, risus semper porta volutpat, quam pede lobortis ligula, sit amet eleifend pede libero quis orci. Nullam molestie nibh in lectus.', 4, 7, 184, 'In congue. Etiam justo. Etiam pretium iaculis justo.', 4, 22);
insert into appearance (id, about, eyes, hair_colour, height, hobbies, physique, user_id) values (23, 'Cras mi pede, malesuada in, imperdiet et, commodo vulputate, justo. In blandit ultrices enim. Lorem ipsum dolor sit amet, consectetuer adipiscing elit.', 4, 4, 184, 'Curabitur in libero ut massa volutpat convallis. Morbi odio odio, elementum eu, interdum eu, tincidunt in, leo. Maecenas pulvinar lobortis est.', 4, 23);
insert into appearance (id, about, eyes, hair_colour, height, hobbies, physique, user_id) values (24, 'In quis justo. Maecenas rhoncus aliquam lacus. Morbi quis tortor id nulla ultrices aliquet.', 0, 7, 161, 'Nullam sit amet turpis elementum ligula vehicula consequat. Morbi a ipsum. Integer a nibh.', 0, 24);
insert into appearance (id, about, eyes, hair_colour, height, hobbies, physique, user_id) values (25, 'Integer tincidunt ante vel ipsum. Praesent blandit lacinia erat. Vestibulum sed magna at nunc commodo placerat.', 3, 9, 168, 'Curabitur gravida nisi at nibh. In hac habitasse platea dictumst. Aliquam augue quam, sollicitudin vitae, consectetuer eget, rutrum at, lorem.', 3, 25);
insert into appearance (id, about, eyes, hair_colour, height, hobbies, physique, user_id) values (26, 'Proin interdum mauris non ligula pellentesque ultrices. Phasellus id sapien in sapien iaculis congue. Vivamus metus arcu, adipiscing molestie, hendrerit at, vulputate vitae, nisl.', 4, 7, 170, 'Vestibulum ac est lacinia nisi venenatis tristique. Fusce congue, diam id ornare imperdiet, sapien urna pretium nisl, ut volutpat sapien arcu sed augue. Aliquam erat volutpat.', 2, 26);
insert into appearance (id, about, eyes, hair_colour, height, hobbies, physique, user_id) values (27, 'Duis consequat dui nec nisi volutpat eleifend. Donec ut dolor. Morbi vel lectus in quam fringilla rhoncus.', 0, 9, 185, 'In hac habitasse platea dictumst. Morbi vestibulum, velit id pretium iaculis, diam erat fermentum justo, nec condimentum neque sapien placerat ante. Nulla justo.', 2, 27);
insert into appearance (id, about, eyes, hair_colour, height, hobbies, physique, user_id) values (28, 'Duis consequat dui nec nisi volutpat eleifend. Donec ut dolor. Morbi vel lectus in quam fringilla rhoncus.', 5, 6, 191, 'Nullam porttitor lacus at turpis. Donec posuere metus vitae ipsum. Aliquam non mauris.', 5, 28);
insert into appearance (id, about, eyes, hair_colour, height, hobbies, physique, user_id) values (29, 'Cras mi pede, malesuada in, imperdiet et, commodo vulputate, justo. In blandit ultrices enim. Lorem ipsum dolor sit amet, consectetuer adipiscing elit.', 2, 8, 171, 'Phasellus sit amet erat. Nulla tempus. Vivamus in felis eu sapien cursus vestibulum.', 0, 29);
insert into appearance (id, about, eyes, hair_colour, height, hobbies, physique, user_id) values (30, 'Sed ante. Vivamus tortor. Duis mattis egestas metus.', 0, 2, 167, 'Phasellus in felis. Donec semper sapien a libero. Nam dui.', 2, 30);
insert into appearance (id, about, eyes, hair_colour, height, hobbies, physique, user_id) values (31, 'Cum sociis natoque penatibus et magnis dis parturient montes, nascetur ridiculus mus. Vivamus vestibulum sagittis sapien. Cum sociis natoque penatibus et magnis dis parturient montes, nascetur ridiculus mus.', 3, 0, 175, 'Aenean lectus. Pellentesque eget nunc. Donec quis orci eget orci vehicula condimentum.', 2, 31);
insert into appearance (id, about, eyes, hair_colour, height, hobbies, physique, user_id) values (32, 'Cras mi pede, malesuada in, imperdiet et, commodo vulputate, justo. In blandit ultrices enim. Lorem ipsum dolor sit amet, consectetuer adipiscing elit.', 1, 9, 163, 'Fusce posuere felis sed lacus. Morbi sem mauris, laoreet ut, rhoncus aliquet, pulvinar sed, nisl. Nunc rhoncus dui vel sem.', 2, 32);
insert into appearance (id, about, eyes, hair_colour, height, hobbies, physique, user_id) values (33, 'Aenean lectus. Pellentesque eget nunc. Donec quis orci eget orci vehicula condimentum.', 5, 9, 182, 'Aenean fermentum. Donec ut mauris eget massa tempor convallis. Nulla neque libero, convallis eget, eleifend luctus, ultricies eu, nibh.', 5, 33);
insert into appearance (id, about, eyes, hair_colour, height, hobbies, physique, user_id) values (34, 'Cum sociis natoque penatibus et magnis dis parturient montes, nascetur ridiculus mus. Vivamus vestibulum sagittis sapien. Cum sociis natoque penatibus et magnis dis parturient montes, nascetur ridiculus mus.', 4, 6, 176, 'In quis justo. Maecenas rhoncus aliquam lacus. Morbi quis tortor id nulla ultrices aliquet.', 4, 34);
insert into appearance (id, about, eyes, hair_colour, height, hobbies, physique, user_id) values (35, 'Morbi non lectus. Aliquam sit amet diam in magna bibendum imperdiet. Nullam orci pede, venenatis non, sodales sed, tincidunt eu, felis.', 1, 5, 164, 'Phasellus sit amet erat. Nulla tempus. Vivamus in felis eu sapien cursus vestibulum.', 3, 35);
insert into appearance (id, about, eyes, hair_colour, height, hobbies, physique, user_id) values (36, 'Duis bibendum. Morbi non quam nec dui luctus rutrum. Nulla tellus.', 5, 6, 187, 'Sed sagittis. Nam congue, risus semper porta volutpat, quam pede lobortis ligula, sit amet eleifend pede libero quis orci. Nullam molestie nibh in lectus.', 6, 36);
insert into appearance (id, about, eyes, hair_colour, height, hobbies, physique, user_id) values (37, 'Lorem ipsum dolor sit amet, consectetuer adipiscing elit. Proin risus. Praesent lectus.', 1, 4, 176, 'Sed sagittis. Nam congue, risus semper porta volutpat, quam pede lobortis ligula, sit amet eleifend pede libero quis orci. Nullam molestie nibh in lectus.', 4, 37);
insert into appearance (id, about, eyes, hair_colour, height, hobbies, physique, user_id) values (38, 'Lorem ipsum dolor sit amet, consectetuer adipiscing elit. Proin risus. Praesent lectus.', 4, 0, 195, 'Lorem ipsum dolor sit amet, consectetuer adipiscing elit. Proin risus. Praesent lectus.', 3, 38);
insert into appearance (id, about, eyes, hair_colour, height, hobbies, physique, user_id) values (39, 'Proin leo odio, porttitor id, consequat in, consequat ut, nulla. Sed accumsan felis. Ut at dolor quis odio consequat varius.', 1, 5, 163, 'In quis justo. Maecenas rhoncus aliquam lacus. Morbi quis tortor id nulla ultrices aliquet.', 3, 39);
insert into appearance (id, about, eyes, hair_colour, height, hobbies, physique, user_id) values (40, 'Sed sagittis. Nam congue, risus semper porta volutpat, quam pede lobortis ligula, sit amet eleifend pede libero quis orci. Nullam molestie nibh in lectus.', 1, 8, 174, 'Praesent blandit. Nam nulla. Integer pede justo, lacinia eget, tincidunt eget, tempus vel, pede.', 2, 40);
insert into appearance (id, about, eyes, hair_colour, height, hobbies, physique, user_id) values (41, 'Duis consequat dui nec nisi volutpat eleifend. Donec ut dolor. Morbi vel lectus in quam fringilla rhoncus.', 5, 6, 191, 'Nullam porttitor lacus at turpis. Donec posuere metus vitae ipsum. Aliquam non mauris.', 5, 41);
insert into appearance (id, about, eyes, hair_colour, height, hobbies, physique, user_id) values (42, 'In hac habitasse platea dictumst. Etiam faucibus cursus urna. Ut tellus.', 0, 5, 177, 'In sagittis dui vel nisl. Duis ac nibh. Fusce lacus purus, aliquet at, feugiat non, pretium quis, lectus.', 4, 42);
insert into appearance (id, about, eyes, hair_colour, height, hobbies, physique, user_id) values (43, 'Maecenas leo odio, condimentum id, luctus nec, molestie sed, justo. Pellentesque viverra pede ac diam. Cras pellentesque volutpat dui.', 1, 0, 185, 'Vestibulum ac est lacinia nisi venenatis tristique. Fusce congue, diam id ornare imperdiet, sapien urna pretium nisl, ut volutpat sapien arcu sed augue. Aliquam erat volutpat.', 0, 43);
insert into appearance (id, about, eyes, hair_colour, height, hobbies, physique, user_id) values (44, 'Duis bibendum. Morbi non quam nec dui luctus rutrum. Nulla tellus.', 4, 9, 173, 'In quis justo. Maecenas rhoncus aliquam lacus. Morbi quis tortor id nulla ultrices aliquet.', 6, 44);
insert into appearance (id, about, eyes, hair_colour, height, hobbies, physique, user_id) values (45, 'Nullam porttitor lacus at turpis. Donec posuere metus vitae ipsum. Aliquam non mauris.', 4, 2, 184, 'Phasellus sit amet erat. Nulla tempus. Vivamus in felis eu sapien cursus vestibulum.', 1, 45);
insert into appearance (id, about, eyes, hair_colour, height, hobbies, physique, user_id) values (46, 'Quisque id justo sit amet sapien dignissim vestibulum. Vestibulum ante ipsum primis in faucibus orci luctus et ultrices posuere cubilia Curae; Nulla dapibus dolor vel est. Donec odio justo, sollicitudin ut, suscipit a, feugiat et, eros.', 5, 8, 170, 'Aenean fermentum. Donec ut mauris eget massa tempor convallis. Nulla neque libero, convallis eget, eleifend luctus, ultricies eu, nibh.', 6, 46);
insert into appearance (id, about, eyes, hair_colour, height, hobbies, physique, user_id) values (47, 'Phasellus in felis. Donec semper sapien a libero. Nam dui.', 4, 8, 189, 'Nullam sit amet turpis elementum ligula vehicula consequat. Morbi a ipsum. Integer a nibh.', 0, 47);
insert into appearance (id, about, eyes, hair_colour, height, hobbies, physique, user_id) values (48, 'Aenean lectus. Pellentesque eget nunc. Donec quis orci eget orci vehicula condimentum.', 3, 7, 162, 'Nulla ut erat id mauris vulputate elementum. Nullam varius. Nulla facilisi.', 0, 48);
insert into appearance (id, about, eyes, hair_colour, height, hobbies, physique, user_id) values (49, 'Sed ante. Vivamus tortor. Duis mattis egestas metus.', 1, 9, 186, 'Cum sociis natoque penatibus et magnis dis parturient montes, nascetur ridiculus mus. Vivamus vestibulum sagittis sapien. Cum sociis natoque penatibus et magnis dis parturient montes, nascetur ridiculus mus.', 4, 49);
insert into appearance (id, about, eyes, hair_colour, height, hobbies, physique, user_id) values (50, 'Cras mi pede, malesuada in, imperdiet et, commodo vulputate, justo. In blandit ultrices enim. Lorem ipsum dolor sit amet, consectetuer adipiscing elit.', 5, 5, 182, 'Vestibulum ac est lacinia nisi venenatis tristique. Fusce congue, diam id ornare imperdiet, sapien urna pretium nisl, ut volutpat sapien arcu sed augue. Aliquam erat volutpat.', 6, 50);
