INSERT INTO roles (id, name) VALUES (1, 'ADMIN');
INSERT INTO roles (id, name) VALUES (2, 'USER');

/* users data set - 50 */

insert into users (id, email, first_name, password, time_zone_id, username) values (3, 'rbortolotti2@engadget.com', 'Rheba', '2d57386ad26d939a45e76313762b869ac964981e', 'Asia/Dushanbe', 'rgatesman2');
insert into users (id, email, first_name, password, time_zone_id, username) values (4, 'cpaternoster3@ucla.edu', 'Cristie', '2d57386ad26d939a45e76313762b869ac964981e', 'Europe/Moscow', 'cfenkel3');
insert into users (id, email, first_name, password, time_zone_id, username) values (5, 'jshowen4@yahoo.com', 'Judith', '2d57386ad26d939a45e76313762b869ac964981e', 'Asia/Shanghai', 'jmcguiness4');
insert into users (id, email, first_name, password, time_zone_id, username) values (6, 'pmilburn5@meetup.com', 'Phylis', '2d57386ad26d939a45e76313762b869ac964981e', 'Asia/Aden', 'pbramer5');
insert into users (id, email, first_name, password, time_zone_id, username) values (7, 'adrewell6@aboutads.info', 'Amberly', '2d57386ad26d939a45e76313762b869ac964981e', 'Asia/Yerevan', 'apauler6');
insert into users (id, email, first_name, password, time_zone_id, username) values (8, 'mcradoc7@dailymail.co.uk', 'Marlowe', '2d57386ad26d939a45e76313762b869ac964981e', 'America/New_York', 'mpopplestone7');
insert into users (id, email, first_name, password, time_zone_id, username) values (9, 'cpepperd8@weather.com', 'Carson', '2d57386ad26d939a45e76313762b869ac964981e', 'Asia/Jakarta', 'cbrazer8');
insert into users (id, email, first_name, password, time_zone_id, username) values (10, 'hmorfey9@sfgate.com', 'Helaina', '2d57386ad26d939a45e76313762b869ac964981e', 'Europe/Madrid', 'hcaress9');
insert into users (id, email, first_name, password, time_zone_id, username) values (11, 'bwicketta@tinyurl.com', 'Bernadina', '2d57386ad26d939a45e76313762b869ac964981e', 'Asia/Tokyo', 'btolla');
insert into users (id, email, first_name, password, time_zone_id, username) values (12, 'atonryb@prlog.org', 'Abrahan', '2d57386ad26d939a45e76313762b869ac964981e', 'Asia/Kabul', 'aconfaitb');
insert into users (id, email, first_name, password, time_zone_id, username) values (13, 'fbrimmacombec@tmall.com', 'Felicio', '2d57386ad26d939a45e76313762b869ac964981e', 'Asia/Shanghai', 'ftinklerc');
insert into users (id, email, first_name, password, time_zone_id, username) values (14, 'jbatteyd@dell.com', 'Julio', '2d57386ad26d939a45e76313762b869ac964981e', 'Africa/Dar_es_Salaam', 'jcheesleyd');
insert into users (id, email, first_name, password, time_zone_id, username) values (15, 'icolenutte@seattletimes.com', 'Ingra', '2d57386ad26d939a45e76313762b869ac964981e', 'Asia/Chongqing', 'iblinckhornee');
insert into users (id, email, first_name, password, time_zone_id, username) values (16, 'lblackstonef@scientificamerican.com', 'Leoline', '2d57386ad26d939a45e76313762b869ac964981e', 'America/Havana', 'lcoppingf');
insert into users (id, email, first_name, password, time_zone_id, username) values (17, 'bmaccoughang@reverbnation.com', 'Brunhilde', '2d57386ad26d939a45e76313762b869ac964981e', 'Asia/Bangkok', 'bbarnewellg');
insert into users (id, email, first_name, password, time_zone_id, username) values (18, 'kkonnekeh@mozilla.org', 'Kynthia', '2d57386ad26d939a45e76313762b869ac964981e', 'Asia/Yerevan', 'kscopesh');
insert into users (id, email, first_name, password, time_zone_id, username) values (19, 'acowchai@ow.ly', 'Alejandro', '2d57386ad26d939a45e76313762b869ac964981e', 'Europe/Paris', 'areynishi');
insert into users (id, email, first_name, password, time_zone_id, username) values (20, 'mrandalsj@unblog.fr', 'Merrielle', '2d57386ad26d939a45e76313762b869ac964981e', 'Africa/Johannesburg', 'mshermarj');
insert into users (id, email, first_name, password, time_zone_id, username) values (21, 'cbywatersk@soundcloud.com', 'Chastity', '2d57386ad26d939a45e76313762b869ac964981e', 'Europe/Warsaw', 'chansomk');
insert into users (id, email, first_name, password, time_zone_id, username) values (22, 'hgodwynl@toplist.cz', 'Hendrik', '2d57386ad26d939a45e76313762b869ac964981e', 'Asia/Manila', 'hsimakl');
insert into users (id, email, first_name, password, time_zone_id, username) values (23, 'rbustinm@edublogs.org', 'Robin', '2d57386ad26d939a45e76313762b869ac964981e', 'Asia/Chongqing', 'rlowdeanem');
insert into users (id, email, first_name, password, time_zone_id, username) values (24, 'bparamoren@shop-pro.jp', 'Bone', '2d57386ad26d939a45e76313762b869ac964981e', 'Asia/Yerevan', 'borvisn');
insert into users (id, email, first_name, password, time_zone_id, username) values (25, 'glightbowno@marketwatch.com', 'Glenna', '2d57386ad26d939a45e76313762b869ac964981e', 'Asia/Kashgar', 'gjohnikino');
insert into users (id, email, first_name, password, time_zone_id, username) values (26, 'rpillmanp@blogs.com', 'Rudolfo', '2d57386ad26d939a45e76313762b869ac964981e', 'Asia/Jakarta', 'roscanlonp');
insert into users (id, email, first_name, password, time_zone_id, username) values (27, 'ddraytonq@ycombinator.com', 'Derward', '2d57386ad26d939a45e76313762b869ac964981e', 'Asia/Tokyo', 'dmoodieq');
insert into users (id, email, first_name, password, time_zone_id, username) values (28, 'btrewinnardr@google.co.uk', 'Barry', '2d57386ad26d939a45e76313762b869ac964981e', 'Asia/Jakarta', 'bfumagallr');
insert into users (id, email, first_name, password, time_zone_id, username) values (29, 'bmcleeses@macromedia.com', 'Blisse', '2d57386ad26d939a45e76313762b869ac964981e', 'Europe/Skopje', 'bbragges');
insert into users (id, email, first_name, password, time_zone_id, username) values (30, 'valimant@answers.com', 'Vevay', '2d57386ad26d939a45e76313762b869ac964981e', 'Asia/Manila', 'vtrimmillt');
insert into users (id, email, first_name, password, time_zone_id, username) values (31, 'aciobotaruu@wufoo.com', 'Astrid', '2d57386ad26d939a45e76313762b869ac964981e', 'Europe/Moscow', 'aleschelleu');
insert into users (id, email, first_name, password, time_zone_id, username) values (32, 'blescopv@aboutads.info', 'Barnard', '2d57386ad26d939a45e76313762b869ac964981e', 'Europe/Stockholm', 'baguirrev');
insert into users (id, email, first_name, password, time_zone_id, username) values (33, 'pmallettw@mysql.com', 'Pearle', '2d57386ad26d939a45e76313762b869ac964981e', 'Asia/Shanghai', 'pairew');
insert into users (id, email, first_name, password, time_zone_id, username) values (34, 'sollerx@wunderground.com', 'Steffi', '2d57386ad26d939a45e76313762b869ac964981e', 'Asia/Tehran', 'sdobrovskyx');
insert into users (id, email, first_name, password, time_zone_id, username) values (35, 'mbohiny@fotki.com', 'Maitilde', '2d57386ad26d939a45e76313762b869ac964981e', 'America/Mexico_City', 'molcoty');
insert into users (id, email, first_name, password, time_zone_id, username) values (36, 'ogiamittiz@ycombinator.com', 'Oralla', '2d57386ad26d939a45e76313762b869ac964981e', 'Europe/Lisbon', 'ospadoniz');
insert into users (id, email, first_name, password, time_zone_id, username) values (37, 'jlamanby10@vistaprint.com', 'Jone', '2d57386ad26d939a45e76313762b869ac964981e', 'Asia/Shanghai', 'jdrewery10');
insert into users (id, email, first_name, password, time_zone_id, username) values (38, 'abrimmicombe11@dropbox.com', 'Alla', '2d57386ad26d939a45e76313762b869ac964981e', 'Europe/Stockholm', 'afernandez11');
insert into users (id, email, first_name, password, time_zone_id, username) values (39, 'pbury12@cyberchimps.com', 'Prent', '2d57386ad26d939a45e76313762b869ac964981e', 'Asia/Manila', 'pkerfoot12');
insert into users (id, email, first_name, password, time_zone_id, username) values (40, 'mwrintmore13@salon.com', 'Mercedes', '2d57386ad26d939a45e76313762b869ac964981e', 'Asia/Harbin', 'mtoone13');
insert into users (id, email, first_name, password, time_zone_id, username) values (41, 'mcubbon14@archive.org', 'Miran', '2d57386ad26d939a45e76313762b869ac964981e', 'Asia/Chongqing', 'mtweede14');
insert into users (id, email, first_name, password, time_zone_id, username) values (42, 'rtanman15@google.fr', 'Randolf', '2d57386ad26d939a45e76313762b869ac964981e', 'Africa/Tripoli', 'rsaveall15');
insert into users (id, email, first_name, password, time_zone_id, username) values (43, 'rhumbey16@latimes.com', 'Roda', '2d57386ad26d939a45e76313762b869ac964981e', 'Europe/Skopje', 'rartis16');
insert into users (id, email, first_name, password, time_zone_id, username) values (44, 'mmunkton17@hhs.gov', 'Marlon', '2d57386ad26d939a45e76313762b869ac964981e', 'America/Vancouver', 'mwakeling17');
insert into users (id, email, first_name, password, time_zone_id, username) values (45, 'oboniface18@samsung.com', 'Ogdon', '2d57386ad26d939a45e76313762b869ac964981e', 'Asia/Shanghai', 'ogreenhill18');
insert into users (id, email, first_name, password, time_zone_id, username) values (46, 'rgrunwall19@ovh.net', 'Roberto', '2d57386ad26d939a45e76313762b869ac964981e', 'Asia/Jakarta', 'rfynes19');
insert into users (id, email, first_name, password, time_zone_id, username) values (47, 'rcampion1a@shop-pro.jp', 'Rancell', '2d57386ad26d939a45e76313762b869ac964981e', 'Europe/Budapest', 'rjedrzejczak1a');
insert into users (id, email, first_name, password, time_zone_id, username) values (48, 'kcumes1b@umn.edu', 'Kati', '2d57386ad26d939a45e76313762b869ac964981e', 'Europe/Moscow', 'kedens1b');
insert into users (id, email, first_name, password, time_zone_id, username) values (49, 'sfarnill1c@google.co.jp', 'Selina', '2d57386ad26d939a45e76313762b869ac964981e', 'Africa/Kinshasa', 'smorden1c');
insert into users (id, email, first_name, password, time_zone_id, username) values (50, 'slochet1d@w3.org', 'Shawna', '2d57386ad26d939a45e76313762b869ac964981e', 'Asia/Shanghai', 'svallantine1d');

/* personal details data set - 50 */

insert into personal_details (id, age, city, country, date_of_birth, education, gender, marital_status, occupation, photo, rating, religion, user_id) values (3, 38, 'Periyiáli', 'Greece', '1989-04-24', 'Technological Education Institute of Halkida, Euboea', 1, 2, 'Project Manager', null, 4.6, 2, 3);
insert into personal_details (id, age, city, country, date_of_birth, education, gender, marital_status, occupation, photo, rating, religion, user_id) values (4, 25, 'Wilczyce', 'Poland', '1960-05-02', 'Academy of Economics in Poznan', 0, 3, 'Assistant Manager', null, 3.9, 5, 4);
insert into personal_details (id, age, city, country, date_of_birth, education, gender, marital_status, occupation, photo, rating, religion, user_id) values (5, 36, 'Jabat', 'Marshall Islands', '1968-10-20', 'Mongolian University of Science and Technology', 1, 4, 'Accounting Assistant IV', null, 5.9, 5, 5);
insert into personal_details (id, age, city, country, date_of_birth, education, gender, marital_status, occupation, photo, rating, religion, user_id) values (6, 37, 'Yimamu', 'China', '1952-08-16', 'Yunnan Normal University', 1, 3, 'Electrical Engineer', null, 4.2, 4, 6);
insert into personal_details (id, age, city, country, date_of_birth, education, gender, marital_status, occupation, photo, rating, religion, user_id) values (7, 39, 'Kinalansan', 'Philippines', '1961-10-31', 'Mindanao State University - Iligan Institute of Technology', 1, 4, 'Web Designer II', null, 5.1, 2, 7);
insert into personal_details (id, age, city, country, date_of_birth, education, gender, marital_status, occupation, photo, rating, religion, user_id) values (8, 19, 'Lubao', 'China', '1948-06-23', 'Shandong Economic University', 0, 2, 'Geologist II', null, 2.4, 1, 8);
insert into personal_details (id, age, city, country, date_of_birth, education, gender, marital_status, occupation, photo, rating, religion, user_id) values (9, 32, 'Den Chai', 'Thailand', '1998-06-20', 'Walailak University', 0, 2, 'Electrical Engineer', null, 4.0, 1, 9);
insert into personal_details (id, age, city, country, date_of_birth, education, gender, marital_status, occupation, photo, rating, religion, user_id) values (10, 45, 'Ñuñoa', 'Peru', '1971-08-03', 'Universidad Nacional de Cajamarca', 0, 1, 'Business Systems Development Analyst', null, 1.9, 3, 10);
insert into personal_details (id, age, city, country, date_of_birth, education, gender, marital_status, occupation, photo, rating, religion, user_id) values (11, 29, 'Krajan Selatan', 'Indonesia', '1989-09-03', 'Universitas Udayana', 0, 2, 'Financial Advisor', null, 4.5, 1, 11);
insert into personal_details (id, age, city, country, date_of_birth, education, gender, marital_status, occupation, photo, rating, religion, user_id) values (12, 35, 'Nova Venécia', 'Brazil', '1968-04-15', 'Universidade Católica de Pelotas', 1, 2, 'Help Desk Operator', null, 4.0, 2, 12);
insert into personal_details (id, age, city, country, date_of_birth, education, gender, marital_status, occupation, photo, rating, religion, user_id) values (13, 34, 'Przystajń', 'Poland', '1989-06-28', 'Gdynia Maritime Academy', 0, 4, 'Pharmacist', null, 5.0, 0, 13);
insert into personal_details (id, age, city, country, date_of_birth, education, gender, marital_status, occupation, photo, rating, religion, user_id) values (14, 18, 'Claremorris', 'Ireland', '1976-01-29', 'National University of Ireland, Maynooth', 0, 2, 'Nuclear Power Engineer', null, 5.8, 2, 14);
insert into personal_details (id, age, city, country, date_of_birth, education, gender, marital_status, occupation, photo, rating, religion, user_id) values (15, 37, 'Xiangdian', 'China', '2000-06-01', 'Hebei United University', 1, 0, 'Dental Hygienist', null, 4.4, 0, 15);
insert into personal_details (id, age, city, country, date_of_birth, education, gender, marital_status, occupation, photo, rating, religion, user_id) values (16, 35, 'Imaichi', 'Japan', '1960-08-21', 'Tokyo University of Agriculture', 0, 0, 'Human Resources Manager', null, 3.3, 3, 16);
insert into personal_details (id, age, city, country, date_of_birth, education, gender, marital_status, occupation, photo, rating, religion, user_id) values (17, 23, 'Nizhniy Kislyay', 'Russia', '1982-05-03', 'Moscow State University of Environmental Engineering', 0, 1, 'Chemical Engineer', null, 3.7, 3, 17);
insert into personal_details (id, age, city, country, date_of_birth, education, gender, marital_status, occupation, photo, rating, religion, user_id) values (18, 39, 'Río Grande', 'Dominican Republic', '1964-01-22', 'Universidad Interamericana', 1, 2, 'Director of Sales', null, 4.7, 5, 18);
insert into personal_details (id, age, city, country, date_of_birth, education, gender, marital_status, occupation, photo, rating, religion, user_id) values (19, 44, 'La Esmeralda', 'Venezuela', '1973-08-19', 'Universidad Nacional Experimental "Rafael Maria Baralt"', 0, 0, 'Quality Control Specialist', null, 3.8, 0, 19);
insert into personal_details (id, age, city, country, date_of_birth, education, gender, marital_status, occupation, photo, rating, religion, user_id) values (20, 25, 'Sabang', 'Philippines', '1991-05-07', 'University of the Cordilleras', 0, 0, 'GIS Technical Architect', null, 5.8, 0, 20);
insert into personal_details (id, age, city, country, date_of_birth, education, gender, marital_status, occupation, photo, rating, religion, user_id) values (21, 35, 'Puerto Quijarro', 'Bolivia', '1970-04-16', 'Universidad Privada Boliviana', 0, 1, 'Senior Quality Engineer', null, 4.0, 4, 21);
insert into personal_details (id, age, city, country, date_of_birth, education, gender, marital_status, occupation, photo, rating, religion, user_id) values (22, 19, 'Ḩawsh ‘Īsá', 'Egypt', '1946-06-09', 'Ain Shams University', 0, 2, 'Structural Engineer', null, 3.6, 1, 22);
insert into personal_details (id, age, city, country, date_of_birth, education, gender, marital_status, occupation, photo, rating, religion, user_id) values (23, 25, 'Kotes', 'Indonesia', '1953-02-11', 'Universitas Dr. R. Moestopo', 1, 3, 'Automation Specialist III', null, 2.5, 0, 23);
insert into personal_details (id, age, city, country, date_of_birth, education, gender, marital_status, occupation, photo, rating, religion, user_id) values (24, 29, 'Malindi', 'Kenya', '1997-10-29', 'Riara University School of Business and Law', 0, 3, 'Compensation Analyst', null, 1.6, 5, 24);
insert into personal_details (id, age, city, country, date_of_birth, education, gender, marital_status, occupation, photo, rating, religion, user_id) values (25, 18, 'Sainte-Geneviève-des-Bois', 'France', '1961-04-14', 'Université de Cergy-Pontoise', 1, 3, 'Tax Accountant', null, 1.5, 1, 25);
insert into personal_details (id, age, city, country, date_of_birth, education, gender, marital_status, occupation, photo, rating, religion, user_id) values (26, 24, 'Pécs', 'Hungary', '1993-07-02', 'Károl Gáspár University of the Reformed Church', 0, 2, 'Internal Auditor', null, 3.5, 5, 26);
insert into personal_details (id, age, city, country, date_of_birth, education, gender, marital_status, occupation, photo, rating, religion, user_id) values (27, 36, 'Capinzal', 'Brazil', '1946-09-18', 'Universidade Federal de Pernambuco', 1, 4, 'Paralegal', null, 4.1, 4, 27);
insert into personal_details (id, age, city, country, date_of_birth, education, gender, marital_status, occupation, photo, rating, religion, user_id) values (28, 19, 'Aix-en-Provence', 'France', '1958-08-24', 'Université du Littoral Cote d''Opale', 1, 0, 'Payment Adjustment Coordinator', null, 3.9, 3, 28);
insert into personal_details (id, age, city, country, date_of_birth, education, gender, marital_status, occupation, photo, rating, religion, user_id) values (29, 22, 'Étampes', 'France', '1969-07-17', 'Université René Descartes (Paris V)', 1, 0, 'VP Sales', null, 5.2, 4, 29);
insert into personal_details (id, age, city, country, date_of_birth, education, gender, marital_status, occupation, photo, rating, religion, user_id) values (30, 29, 'Jistebnice', 'Czech Republic', '2000-10-18', 'Anglo-American University', 1, 0, 'Office Assistant I', null, 1.2, 3, 30);
insert into personal_details (id, age, city, country, date_of_birth, education, gender, marital_status, occupation, photo, rating, religion, user_id) values (31, 25, 'Khamyāb', 'Afghanistan', '1960-10-06', 'Bost University', 0, 2, 'Nurse Practicioner', null, 4.0, 2, 31);
insert into personal_details (id, age, city, country, date_of_birth, education, gender, marital_status, occupation, photo, rating, religion, user_id) values (32, 43, 'Allen', 'Argentina', '1987-05-10', 'Universidad Adventista del Plata', 0, 2, 'Chemical Engineer', null, 2.7, 2, 32);
insert into personal_details (id, age, city, country, date_of_birth, education, gender, marital_status, occupation, photo, rating, religion, user_id) values (33, 44, 'Nioki', 'Democratic Republic of the Congo', '1969-03-27', 'Université de Lubumbashi', 0, 1, 'Research Associate', null, 1.3, 1, 33);
insert into personal_details (id, age, city, country, date_of_birth, education, gender, marital_status, occupation, photo, rating, religion, user_id) values (34, 44, 'Santo Niño', 'Philippines', '1973-03-18', 'University of the Philippines Open University', 1, 0, 'Engineer I', null, 2.6, 3, 34);
insert into personal_details (id, age, city, country, date_of_birth, education, gender, marital_status, occupation, photo, rating, religion, user_id) values (35, 35, 'Ciracap', 'Indonesia', '1955-07-20', 'Universitas Islam Nusantara', 0, 0, 'Research Associate', null, 1.8, 3, 35);
insert into personal_details (id, age, city, country, date_of_birth, education, gender, marital_status, occupation, photo, rating, religion, user_id) values (36, 32, 'Banī Walīd', 'Libya', '1953-10-21', 'Al-Jabal Al-Gharbi University', 1, 3, 'Engineer I', null, 5.9, 4, 36);
insert into personal_details (id, age, city, country, date_of_birth, education, gender, marital_status, occupation, photo, rating, religion, user_id) values (37, 44, 'Rýmařov', 'Czech Republic', '1964-10-04', 'Technical University of Mining and Metallurgy Ostrava', 0, 0, 'Product Engineer', null, 1.3, 2, 37);
insert into personal_details (id, age, city, country, date_of_birth, education, gender, marital_status, occupation, photo, rating, religion, user_id) values (38, 26, 'Khao Kho', 'Thailand', '1965-04-09', 'Yonok University', 0, 2, 'Web Designer I', null, 1.2, 5, 38);
insert into personal_details (id, age, city, country, date_of_birth, education, gender, marital_status, occupation, photo, rating, religion, user_id) values (39, 30, 'Mzimba', 'Malawi', '1948-08-18', 'University of Livingstonia', 0, 2, 'Senior Sales Associate', null, 4.9, 5, 39);
insert into personal_details (id, age, city, country, date_of_birth, education, gender, marital_status, occupation, photo, rating, religion, user_id) values (40, 21, 'Paatan', 'Philippines', '1948-12-27', 'University of the Philippines Manila', 1, 4, 'Account Representative II', null, 3.3, 4, 40);
insert into personal_details (id, age, city, country, date_of_birth, education, gender, marital_status, occupation, photo, rating, religion, user_id) values (41, 21, 'Aco', 'Peru', '1996-12-11', 'Universidad Nacional Daniel Alcides Carrion', 0, 4, 'Health Coach IV', null, 2.8, 1, 41);
insert into personal_details (id, age, city, country, date_of_birth, education, gender, marital_status, occupation, photo, rating, religion, user_id) values (42, 28, 'Los Fresnos', 'Mexico', '1979-01-28', 'Universidad Autónoma de Guadalajara', 0, 3, 'Sales Associate', null, 6.0, 5, 42);
insert into personal_details (id, age, city, country, date_of_birth, education, gender, marital_status, occupation, photo, rating, religion, user_id) values (43, 37, 'Jiangwan', 'China', '1978-12-21', 'University of Electronic Science and Technology of China', 0, 4, 'Account Coordinator', null, 4.0, 2, 43);
insert into personal_details (id, age, city, country, date_of_birth, education, gender, marital_status, occupation, photo, rating, religion, user_id) values (44, 31, 'Franco da Rocha', 'Brazil', '1964-06-20', 'Universidade Castelo Branco', 0, 2, 'Safety Technician I', null, 4.6, 4, 44);
insert into personal_details (id, age, city, country, date_of_birth, education, gender, marital_status, occupation, photo, rating, religion, user_id) values (45, 42, 'Berkovitsa', 'Bulgaria', '1945-01-01', 'Technical University of Gabrovo', 1, 2, 'Software Consultant', null, 2.0, 4, 45);
insert into personal_details (id, age, city, country, date_of_birth, education, gender, marital_status, occupation, photo, rating, religion, user_id) values (46, 42, 'Yeoju', 'South Korea', '1993-10-01', 'Catholic University of Pusan', 1, 0, 'Nurse Practicioner', null, 1.7, 5, 46);
insert into personal_details (id, age, city, country, date_of_birth, education, gender, marital_status, occupation, photo, rating, religion, user_id) values (47, 30, 'Sindangsari', 'Indonesia', '1985-01-03', 'Politeknik Negeri Sambas', 1, 1, 'Marketing Assistant', null, 5.5, 0, 47);
insert into personal_details (id, age, city, country, date_of_birth, education, gender, marital_status, occupation, photo, rating, religion, user_id) values (48, 27, 'Banjarjo', 'Indonesia', '1982-11-28', 'Swiss German University', 0, 0, 'Assistant Manager', null, 5.1, 1, 48);
insert into personal_details (id, age, city, country, date_of_birth, education, gender, marital_status, occupation, photo, rating, religion, user_id) values (49, 45, 'Chuangwang', 'China', '1980-01-13', 'Tianjin Medical University', 1, 2, 'Operator', null, 1.9, 0, 49);
insert into personal_details (id, age, city, country, date_of_birth, education, gender, marital_status, occupation, photo, rating, religion, user_id) values (50, 30, 'Pensacola', 'United States', '1950-04-29', 'The College of Insurance', 0, 3, 'Compensation Analyst', null, 2.3, 4, 50);

/* appearance data set - 50 */

insert into appearance (id, about, eyes, hair_colour, height, hobbies, physique, user_id) values (3, 'In hac habitasse platea dictumst. Morbi vestibulum, velit id pretium iaculis, diam erat fermentum justo, nec condimentum neque sapien placerat ante. Nulla justo.', 0, 8, 179, 'Morbi porttitor lorem id ligula. Suspendisse ornare consequat lectus. In est risus, auctor sed, tristique in, tempus sit amet, sem.', 2, 3);
insert into appearance (id, about, eyes, hair_colour, height, hobbies, physique, user_id) values (4, 'Duis consequat dui nec nisi volutpat eleifend. Donec ut dolor. Morbi vel lectus in quam fringilla rhoncus.', 5, 5, 168, 'Duis bibendum. Morbi non quam nec dui luctus rutrum. Nulla tellus.', 6, 4);
insert into appearance (id, about, eyes, hair_colour, height, hobbies, physique, user_id) values (5, 'Integer ac leo. Pellentesque ultrices mattis odio. Donec vitae nisi.', 2, 3, 181, 'Duis bibendum. Morbi non quam nec dui luctus rutrum. Nulla tellus.', 1, 5);
insert into appearance (id, about, eyes, hair_colour, height, hobbies, physique, user_id) values (6, 'In hac habitasse platea dictumst. Morbi vestibulum, velit id pretium iaculis, diam erat fermentum justo, nec condimentum neque sapien placerat ante. Nulla justo.', 0, 4, 179, 'Nullam porttitor lacus at turpis. Donec posuere metus vitae ipsum. Aliquam non mauris.', 5, 6);
insert into appearance (id, about, eyes, hair_colour, height, hobbies, physique, user_id) values (7, 'Nullam porttitor lacus at turpis. Donec posuere metus vitae ipsum. Aliquam non mauris.', 4, 6, 187, 'Cum sociis natoque penatibus et magnis dis parturient montes, nascetur ridiculus mus. Vivamus vestibulum sagittis sapien. Cum sociis natoque penatibus et magnis dis parturient montes, nascetur ridiculus mus.', 5, 7);
insert into appearance (id, about, eyes, hair_colour, height, hobbies, physique, user_id) values (8, 'Cras mi pede, malesuada in, imperdiet et, commodo vulputate, justo. In blandit ultrices enim. Lorem ipsum dolor sit amet, consectetuer adipiscing elit.', 1, 2, 162, 'Etiam vel augue. Vestibulum rutrum rutrum neque. Aenean auctor gravida sem.', 3, 8);
insert into appearance (id, about, eyes, hair_colour, height, hobbies, physique, user_id) values (9, 'Integer ac leo. Pellentesque ultrices mattis odio. Donec vitae nisi.', 4, 1, 182, 'Fusce posuere felis sed lacus. Morbi sem mauris, laoreet ut, rhoncus aliquet, pulvinar sed, nisl. Nunc rhoncus dui vel sem.', 6, 9);
insert into appearance (id, about, eyes, hair_colour, height, hobbies, physique, user_id) values (10, 'Vestibulum ac est lacinia nisi venenatis tristique. Fusce congue, diam id ornare imperdiet, sapien urna pretium nisl, ut volutpat sapien arcu sed augue. Aliquam erat volutpat.', 1, 4, 193, 'Maecenas leo odio, condimentum id, luctus nec, molestie sed, justo. Pellentesque viverra pede ac diam. Cras pellentesque volutpat dui.', 6, 10);
insert into appearance (id, about, eyes, hair_colour, height, hobbies, physique, user_id) values (11, 'Nulla ut erat id mauris vulputate elementum. Nullam varius. Nulla facilisi.', 3, 3, 193, 'Curabitur gravida nisi at nibh. In hac habitasse platea dictumst. Aliquam augue quam, sollicitudin vitae, consectetuer eget, rutrum at, lorem.', 5, 11);
insert into appearance (id, about, eyes, hair_colour, height, hobbies, physique, user_id) values (12, 'Suspendisse potenti. In eleifend quam a odio. In hac habitasse platea dictumst.', 0, 4, 160, 'In sagittis dui vel nisl. Duis ac nibh. Fusce lacus purus, aliquet at, feugiat non, pretium quis, lectus.', 5, 12);
insert into appearance (id, about, eyes, hair_colour, height, hobbies, physique, user_id) values (13, 'Proin eu mi. Nulla ac enim. In tempor, turpis nec euismod scelerisque, quam turpis adipiscing lorem, vitae mattis nibh ligula nec sem.', 2, 7, 162, 'Proin interdum mauris non ligula pellentesque ultrices. Phasellus id sapien in sapien iaculis congue. Vivamus metus arcu, adipiscing molestie, hendrerit at, vulputate vitae, nisl.', 4, 13);
insert into appearance (id, about, eyes, hair_colour, height, hobbies, physique, user_id) values (14, 'Nulla ut erat id mauris vulputate elementum. Nullam varius. Nulla facilisi.', 3, 8, 195, 'Duis aliquam convallis nunc. Proin at turpis a pede posuere nonummy. Integer non velit.', 6, 14);
insert into appearance (id, about, eyes, hair_colour, height, hobbies, physique, user_id) values (15, 'Duis consequat dui nec nisi volutpat eleifend. Donec ut dolor. Morbi vel lectus in quam fringilla rhoncus.', 5, 6, 191, 'Nullam porttitor lacus at turpis. Donec posuere metus vitae ipsum. Aliquam non mauris.', 5, 15);
insert into appearance (id, about, eyes, hair_colour, height, hobbies, physique, user_id) values (16, 'Duis consequat dui nec nisi volutpat eleifend. Donec ut dolor. Morbi vel lectus in quam fringilla rhoncus.', 5, 6, 191, 'Nullam porttitor lacus at turpis. Donec posuere metus vitae ipsum. Aliquam non mauris.', 5, 16);
insert into appearance (id, about, eyes, hair_colour, height, hobbies, physique, user_id) values (17, 'Fusce posuere felis sed lacus. Morbi sem mauris, laoreet ut, rhoncus aliquet, pulvinar sed, nisl. Nunc rhoncus dui vel sem.', 3, 3, 175, 'Cras non velit nec nisi vulputate nonummy. Maecenas tincidunt lacus at velit. Vivamus vel nulla eget eros elementum pellentesque.', 0, 17);
insert into appearance (id, about, eyes, hair_colour, height, hobbies, physique, user_id) values (18, 'Sed ante. Vivamus tortor. Duis mattis egestas metus.', 2, 7, 183, 'Etiam vel augue. Vestibulum rutrum rutrum neque. Aenean auctor gravida sem.', 0, 18);
insert into appearance (id, about, eyes, hair_colour, height, hobbies, physique, user_id) values (19, 'Curabitur gravida nisi at nibh. In hac habitasse platea dictumst. Aliquam augue quam, sollicitudin vitae, consectetuer eget, rutrum at, lorem.', 1, 9, 163, 'Etiam vel augue. Vestibulum rutrum rutrum neque. Aenean auctor gravida sem.', 2, 19);
insert into appearance (id, about, eyes, hair_colour, height, hobbies, physique, user_id) values (20, 'Duis consequat dui nec nisi volutpat eleifend. Donec ut dolor. Morbi vel lectus in quam fringilla rhoncus.', 5, 6, 191, 'Nullam porttitor lacus at turpis. Donec posuere metus vitae ipsum. Aliquam non mauris.', 5, 20);
insert into appearance (id, about, eyes, hair_colour, height, hobbies, physique, user_id) values (21, 'Fusce posuere felis sed lacus. Morbi sem mauris, laoreet ut, rhoncus aliquet, pulvinar sed, nisl. Nunc rhoncus dui vel sem.', 5, 2, 174, 'Lorem ipsum dolor sit amet, consectetuer adipiscing elit. Proin risus. Praesent lectus.', 1, 21);
insert into appearance (id, about, eyes, hair_colour, height, hobbies, physique, user_id) values (22, 'Sed sagittis. Nam congue, risus semper porta volutpat, quam pede lobortis ligula, sit amet eleifend pede libero quis orci. Nullam molestie nibh in lectus.', 4, 7, 184, 'In congue. Etiam justo. Etiam pretium iaculis justo.', 4, 22);
insert into appearance (id, about, eyes, hair_colour, height, hobbies, physique, user_id) values (23, 'Cras mi pede, malesuada in, imperdiet et, commodo vulputate, justo. In blandit ultrices enim. Lorem ipsum dolor sit amet, consectetuer adipiscing elit.', 4, 4, 184, 'Curabitur in libero ut massa volutpat convallis. Morbi odio odio, elementum eu, interdum eu, tincidunt in, leo. Maecenas pulvinar lobortis est.', 4, 23);
insert into appearance (id, about, eyes, hair_colour, height, hobbies, physique, user_id) values (24, 'In quis justo. Maecenas rhoncus aliquam lacus. Morbi quis tortor id nulla ultrices aliquet.', 0, 7, 161, 'Nullam sit amet turpis elementum ligula vehicula consequat. Morbi a ipsum. Integer a nibh.', 0, 24);
insert into appearance (id, about, eyes, hair_colour, height, hobbies, physique, user_id) values (25, 'Integer tincidunt ante vel ipsum. Praesent blandit lacinia erat. Vestibulum sed magna at nunc commodo placerat.', 3, 9, 168, 'Curabitur gravida nisi at nibh. In hac habitasse platea dictumst. Aliquam augue quam, sollicitudin vitae, consectetuer eget, rutrum at, lorem.', 3, 25);
insert into appearance (id, about, eyes, hair_colour, height, hobbies, physique, user_id) values (26, 'Proin interdum mauris non ligula pellentesque ultrices. Phasellus id sapien in sapien iaculis congue. Vivamus metus arcu, adipiscing molestie, hendrerit at, vulputate vitae, nisl.', 4, 7, 170, 'Vestibulum ac est lacinia nisi venenatis tristique. Fusce congue, diam id ornare imperdiet, sapien urna pretium nisl, ut volutpat sapien arcu sed augue. Aliquam erat volutpat.', 2, 26);
insert into appearance (id, about, eyes, hair_colour, height, hobbies, physique, user_id) values (27, 'Duis consequat dui nec nisi volutpat eleifend. Donec ut dolor. Morbi vel lectus in quam fringilla rhoncus.', 0, 9, 185, 'In hac habitasse platea dictumst. Morbi vestibulum, velit id pretium iaculis, diam erat fermentum justo, nec condimentum neque sapien placerat ante. Nulla justo.', 2, 27);
insert into appearance (id, about, eyes, hair_colour, height, hobbies, physique, user_id) values (28, 'Duis consequat dui nec nisi volutpat eleifend. Donec ut dolor. Morbi vel lectus in quam fringilla rhoncus.', 5, 6, 191, 'Nullam porttitor lacus at turpis. Donec posuere metus vitae ipsum. Aliquam non mauris.', 5, 28);
insert into appearance (id, about, eyes, hair_colour, height, hobbies, physique, user_id) values (29, 'Cras mi pede, malesuada in, imperdiet et, commodo vulputate, justo. In blandit ultrices enim. Lorem ipsum dolor sit amet, consectetuer adipiscing elit.', 2, 8, 171, 'Phasellus sit amet erat. Nulla tempus. Vivamus in felis eu sapien cursus vestibulum.', 0, 29);
insert into appearance (id, about, eyes, hair_colour, height, hobbies, physique, user_id) values (30, 'Sed ante. Vivamus tortor. Duis mattis egestas metus.', 0, 2, 167, 'Phasellus in felis. Donec semper sapien a libero. Nam dui.', 2, 30);
insert into appearance (id, about, eyes, hair_colour, height, hobbies, physique, user_id) values (31, 'Cum sociis natoque penatibus et magnis dis parturient montes, nascetur ridiculus mus. Vivamus vestibulum sagittis sapien. Cum sociis natoque penatibus et magnis dis parturient montes, nascetur ridiculus mus.', 3, 0, 175, 'Aenean lectus. Pellentesque eget nunc. Donec quis orci eget orci vehicula condimentum.', 2, 31);
insert into appearance (id, about, eyes, hair_colour, height, hobbies, physique, user_id) values (32, 'Cras mi pede, malesuada in, imperdiet et, commodo vulputate, justo. In blandit ultrices enim. Lorem ipsum dolor sit amet, consectetuer adipiscing elit.', 1, 9, 163, 'Fusce posuere felis sed lacus. Morbi sem mauris, laoreet ut, rhoncus aliquet, pulvinar sed, nisl. Nunc rhoncus dui vel sem.', 2, 32);
insert into appearance (id, about, eyes, hair_colour, height, hobbies, physique, user_id) values (33, 'Aenean lectus. Pellentesque eget nunc. Donec quis orci eget orci vehicula condimentum.', 5, 9, 182, 'Aenean fermentum. Donec ut mauris eget massa tempor convallis. Nulla neque libero, convallis eget, eleifend luctus, ultricies eu, nibh.', 5, 33);
insert into appearance (id, about, eyes, hair_colour, height, hobbies, physique, user_id) values (34, 'Cum sociis natoque penatibus et magnis dis parturient montes, nascetur ridiculus mus. Vivamus vestibulum sagittis sapien. Cum sociis natoque penatibus et magnis dis parturient montes, nascetur ridiculus mus.', 4, 6, 176, 'In quis justo. Maecenas rhoncus aliquam lacus. Morbi quis tortor id nulla ultrices aliquet.', 4, 34);
insert into appearance (id, about, eyes, hair_colour, height, hobbies, physique, user_id) values (35, 'Morbi non lectus. Aliquam sit amet diam in magna bibendum imperdiet. Nullam orci pede, venenatis non, sodales sed, tincidunt eu, felis.', 1, 5, 164, 'Phasellus sit amet erat. Nulla tempus. Vivamus in felis eu sapien cursus vestibulum.', 3, 35);
insert into appearance (id, about, eyes, hair_colour, height, hobbies, physique, user_id) values (36, 'Duis bibendum. Morbi non quam nec dui luctus rutrum. Nulla tellus.', 5, 6, 187, 'Sed sagittis. Nam congue, risus semper porta volutpat, quam pede lobortis ligula, sit amet eleifend pede libero quis orci. Nullam molestie nibh in lectus.', 6, 36);
insert into appearance (id, about, eyes, hair_colour, height, hobbies, physique, user_id) values (37, 'Lorem ipsum dolor sit amet, consectetuer adipiscing elit. Proin risus. Praesent lectus.', 1, 4, 176, 'Sed sagittis. Nam congue, risus semper porta volutpat, quam pede lobortis ligula, sit amet eleifend pede libero quis orci. Nullam molestie nibh in lectus.', 4, 37);
insert into appearance (id, about, eyes, hair_colour, height, hobbies, physique, user_id) values (38, 'Lorem ipsum dolor sit amet, consectetuer adipiscing elit. Proin risus. Praesent lectus.', 4, 0, 195, 'Lorem ipsum dolor sit amet, consectetuer adipiscing elit. Proin risus. Praesent lectus.', 3, 38);
insert into appearance (id, about, eyes, hair_colour, height, hobbies, physique, user_id) values (39, 'Proin leo odio, porttitor id, consequat in, consequat ut, nulla. Sed accumsan felis. Ut at dolor quis odio consequat varius.', 1, 5, 163, 'In quis justo. Maecenas rhoncus aliquam lacus. Morbi quis tortor id nulla ultrices aliquet.', 3, 39);
insert into appearance (id, about, eyes, hair_colour, height, hobbies, physique, user_id) values (40, 'Sed sagittis. Nam congue, risus semper porta volutpat, quam pede lobortis ligula, sit amet eleifend pede libero quis orci. Nullam molestie nibh in lectus.', 1, 8, 174, 'Praesent blandit. Nam nulla. Integer pede justo, lacinia eget, tincidunt eget, tempus vel, pede.', 2, 40);
insert into appearance (id, about, eyes, hair_colour, height, hobbies, physique, user_id) values (41, 'Duis consequat dui nec nisi volutpat eleifend. Donec ut dolor. Morbi vel lectus in quam fringilla rhoncus.', 5, 6, 191, 'Nullam porttitor lacus at turpis. Donec posuere metus vitae ipsum. Aliquam non mauris.', 5, 41);
insert into appearance (id, about, eyes, hair_colour, height, hobbies, physique, user_id) values (42, 'In hac habitasse platea dictumst. Etiam faucibus cursus urna. Ut tellus.', 0, 5, 177, 'In sagittis dui vel nisl. Duis ac nibh. Fusce lacus purus, aliquet at, feugiat non, pretium quis, lectus.', 4, 42);
insert into appearance (id, about, eyes, hair_colour, height, hobbies, physique, user_id) values (43, 'Maecenas leo odio, condimentum id, luctus nec, molestie sed, justo. Pellentesque viverra pede ac diam. Cras pellentesque volutpat dui.', 1, 0, 185, 'Vestibulum ac est lacinia nisi venenatis tristique. Fusce congue, diam id ornare imperdiet, sapien urna pretium nisl, ut volutpat sapien arcu sed augue. Aliquam erat volutpat.', 0, 43);
insert into appearance (id, about, eyes, hair_colour, height, hobbies, physique, user_id) values (44, 'Duis bibendum. Morbi non quam nec dui luctus rutrum. Nulla tellus.', 4, 9, 173, 'In quis justo. Maecenas rhoncus aliquam lacus. Morbi quis tortor id nulla ultrices aliquet.', 6, 44);
insert into appearance (id, about, eyes, hair_colour, height, hobbies, physique, user_id) values (45, 'Nullam porttitor lacus at turpis. Donec posuere metus vitae ipsum. Aliquam non mauris.', 4, 2, 184, 'Phasellus sit amet erat. Nulla tempus. Vivamus in felis eu sapien cursus vestibulum.', 1, 45);
insert into appearance (id, about, eyes, hair_colour, height, hobbies, physique, user_id) values (46, 'Quisque id justo sit amet sapien dignissim vestibulum. Vestibulum ante ipsum primis in faucibus orci luctus et ultrices posuere cubilia Curae; Nulla dapibus dolor vel est. Donec odio justo, sollicitudin ut, suscipit a, feugiat et, eros.', 5, 8, 170, 'Aenean fermentum. Donec ut mauris eget massa tempor convallis. Nulla neque libero, convallis eget, eleifend luctus, ultricies eu, nibh.', 6, 46);
insert into appearance (id, about, eyes, hair_colour, height, hobbies, physique, user_id) values (47, 'Phasellus in felis. Donec semper sapien a libero. Nam dui.', 4, 8, 189, 'Nullam sit amet turpis elementum ligula vehicula consequat. Morbi a ipsum. Integer a nibh.', 0, 47);
insert into appearance (id, about, eyes, hair_colour, height, hobbies, physique, user_id) values (48, 'Aenean lectus. Pellentesque eget nunc. Donec quis orci eget orci vehicula condimentum.', 3, 7, 162, 'Nulla ut erat id mauris vulputate elementum. Nullam varius. Nulla facilisi.', 0, 48);
insert into appearance (id, about, eyes, hair_colour, height, hobbies, physique, user_id) values (49, 'Sed ante. Vivamus tortor. Duis mattis egestas metus.', 1, 9, 186, 'Cum sociis natoque penatibus et magnis dis parturient montes, nascetur ridiculus mus. Vivamus vestibulum sagittis sapien. Cum sociis natoque penatibus et magnis dis parturient montes, nascetur ridiculus mus.', 4, 49);
insert into appearance (id, about, eyes, hair_colour, height, hobbies, physique, user_id) values (50, 'Cras mi pede, malesuada in, imperdiet et, commodo vulputate, justo. In blandit ultrices enim. Lorem ipsum dolor sit amet, consectetuer adipiscing elit.', 5, 5, 182, 'Vestibulum ac est lacinia nisi venenatis tristique. Fusce congue, diam id ornare imperdiet, sapien urna pretium nisl, ut volutpat sapien arcu sed augue. Aliquam erat volutpat.', 6, 50);
